シナリオ名,ふりがな,システム,遊んだHO,タグ,PL/KP
愛罠蜂,あいわなびー,CoC6版,HO2,,PL
悪辣,あくらつ,CoC6版,HO4,,PL
嘲笑う、冥々,あざわらうめいめい,CoC6版,PC探偵,,PL
暑と寒,あついとさむい,CoC6版,,,PL
あの星はカーテンの向こう,あのほしはかーてんのむこう,CoC6版,,,"PL,KP"
アルドラの騎士は君の名を呼ぶ,あるどらのきしはきみのなをよぶ,CoC6版,HO3,,PL
いい子にしてるか黙ってろ,いいこにしてるかだまってろ,CoC6版,,,PL
イート・アンド・ウォーカーズ －草取村の疑惑－,いーとあんどうぉーかーず,CoC6版,,,PL
異かえりなさい,いかえりなさい,CoC6版,,,PL
イザナミの棺,いざなみのひつぎ,CoC6版,HO2,,PL
五日間のミ・アルマ,いつかかんのみあるま,CoC6版,,,PL
異説・狂人日記,いせつきょうじんにっき,CoC6版,,,PL
異能警察は、英雄じゃない,いのうけいさつはえいゆうじゃない,CoC6版,HO3,,PL
芋虫,いもむし,CoC6版,,,PL
うえからでられない,うえからでられない,CoC6版,,,PL
ヴェルネの天使は死を歌う,うぇるねのてんしはしをうたう,CoC6版,,,PL
うさちゃんワールド,うさちゃんわーるど,CoC6版,,,PL
泡沫の夢に踊れ,うたかたのゆめにおどれ,CoC6版,,,PL
うちの子が行きたい時代に飛ばされちゃう件,うちのこがいきたいじだいにとばされちゃうけん,CoC6版,HO2,,PL
海鳴りの丘,うみなりのおか,CoC6版,,,PL
海も枯れるまで,うみもかれるまで,CoC6版,,,PL
え、お前たい焼きそこから食うの？,えおまえたいやきそこからくうの,CoC6版,HO1,,PL
え!?お前バニークラブで働いてたってマジ!?,えおまえばにーくらぶではたらいてたってまじ,CoC6版,,,PL
エピゴーネ,えぴごーね,CoC6版,,,PL
エンジェル・デビル・インプロパー,えんじぇるでびるいんぷろぱー,CoC6版,HO悪魔,,PL
王子は僕と世界を騙る,おうじはぼくとせかいをかたる,CoC6版,,,PL
オーダーメイド,おーだーめいど,CoC6版,,,PL
補習,おぎないならう,CoC6版,,,"PL,KP"
おくしゅり♡ロッカー,おくしゅりろっかー,CoC6版,,,PL
お寿司食べたい,おすしたべたい,CoC6版,,,PL
同じ空には昇れない。,おなじそらにはのぼれない,CoC6版,HO太陽,,PL
鬼の棲む,おにのすむ,CoC6版,,,PL
お前のせいだよ,おまえのせいだよ,CoC6版,,,PL
思い立って5分で回せるデートシナリオ第７弾！年越し＆お正月編,おもいたってごふんでまわせるでーとしなりおだい07だん,CoC6版,,,PL
思い立って5分で回せるデートシナリオ第10弾！水族館編,おもいたってごふんでまわせるでーとしなりおだい10だん,CoC6版,,,PL
怪異交渉人,かいいこうしょうにん,CoC6版,HOプロファイラー,,PL
傀逅,かいこう,CoC6版,,,PL
壊胎,かいたい,CoC6版,,,PL
快刀乱魔,かいとうらんま,CoC6版,,,PL
怪物a,かいぶつえー,CoC6版,,,PL
かいぶつたちとマホラカルト,かいぶつたちとまほらかると,CoC6版,HO天使,,PL
夏供の匣,かきょうのはこ,CoC6版,,,PL
学園崩壊,がくえんほうかい,CoC6版,,,PL
伽圉,かご,CoC6版,,,PL
カタシロ,かたしろ,CoC6版,,,PL
蛾と踊る,がとおどる,CoC6版,,,PL
金糸雀の欠伸,かなりあのあくび,CoC6版,HO4,,PL
カノヨ街,かのよがい,CoC6版,HO3,,PL
壁からエビフライが生えているんだが,かべからえびふらいがはえているんだが,CoC6版,,,PL
神様の贈り物,かみさまのおくりもの,CoC6版,,,PL
烏が群れては、極彩色,からすがむれてはごくさいしき,CoC6版,HO3,,PL
感染自罪のモンタージュ,かんせんじざいのもんたーじゅ,CoC6版,,,"PL,KP"
キスしてこわして、ごちそうさま,きすしてこわしてごちそうさま,CoC6版,,,PL
きまぐれな凍解,きまぐれなとうかい,CoC6版,,,PL
救世主,きゅうせいしゅ,CoC6版,,,PL
胸臆、溟渤に,きょうおくめいぼつに,CoC6版,,,PL
狂気山脈～邪神の山嶺～,きょうきさんみゃく,CoC6版,,,PL
キルキルイキル,きるきるいきる,CoC6版,,,PL
劇薬は口に甘し,げきやくはくちにあまし,CoC6版,,,PL
欠落,けつらく,CoC6版,,,PL
獣も斯くや,けものもかくや,CoC6版,,,PL
口渇ルルパ,こうかつるるぱ,CoC6版,,,PL
「交響曲 『ANIMA』」第一楽章,こうきょうきょくあにまだいいちがくしょう,CoC6版,,,PL
幸福な魔女,こうふくなまじょ,CoC6版,,,PL
ゴースト×刑事,ごーすとでか,CoC6版,,,"PL,KP"
ごぜんにじにあいにきて,ごぜんにじにあいにきて,CoC6版,,,PL
孤独な鯨は何を願うのか,こどくなくじらはなにをねがうのか,CoC6版,,,PL
孤独の密室,こどくのみっしつ,CoC6版,,,PL
この命が燃え尽き果てるまで,このいのちがもえつきはてるまで,CoC6版,,,PL
最終列車で君とワルツを,さいしゅうれっしゃできみとわるつを,CoC6版,,,PL
サイレン清掃会社,さいれんせいそうがいしゃ,CoC6版,,,PL
さよならパラディーゾ,さよならぱらでぃーぞ,CoC6版,HO1,,PL
幸せの在り処,しあわせのありか,CoC6版,,,PL
シアタールーム・ヒーリング,しあたーるーむひーりんぐ,CoC6版,,,PL
ジオラマの番人,じおらまのばんにん,CoC6版,,,PL
四季送り,しきおくり,CoC6版,HO1,,PL
死境の国,しきょうのくに,CoC6版,,,PL
実験体δは青に微笑む,じっけんたいでるたはあおにほほえむ,CoC6版,,,PL
事象地平のアストロナウト,じしょうちへいのあすとろなうと,CoC6版,,,PL
助手、レンタルされる。,じょしゅれんたるされる,CoC6版,,,PL
じょはり,じょはり,CoC6版,,,PL
シルバーバレットは不死の夢を見るか？,しるばーばれっとはふしのゆめをみるか,CoC6版,,,PL
心臓がちょっとはやく動くだけ,しんぞうがちょっとはやくうごくだけ,CoC6版,,,PL
救いに非ず,すくいにあらず,CoC6版,,,PL
スイサイダルアクト,すいさいだるあくと,CoC6版,HO4C,,PL
ステガノグラフィ,すてがのぐらふぃ,CoC6版,,,PL
すみません、よくわかりません。,すみませんよくわかりません,CoC6版,HO3,,PL
沼男は誰だ？,すわんぷまんはだれだ,CoC6版,,,PL
静なるテロリスタ,せいなるてろりすた,CoC6版,HO異邦人,,PL
青狼の記憶,せいろうのきおく,CoC6版,,刀剣卓,PL
刹夏,せつな,CoC6版,,,"PL,KP"
鮮血淋漓、満ちて暗黒の檻,せんけつりんりみちてあんこくのおり,CoC6版,,,PL
「先生」,せんせい,CoC6版,,,PL
添い遂げてね、観用少女,そいとげてねかんようしょうじょ,CoC6版,,,PL
蒼穹に滲む,そうきゅうににじむ,CoC6版,HO2,,PL
蒼々サイレン,そうそうさいれん,CoC6版,,,"PL,KP"
ソープスクール,そーぷすくーる,CoC6版,HO2,,PL
その真紅に愛を見る,そのしんくにあいをみる,CoC6版,HO召使役,,PL
その手にナイフを、あなたに×を。,そのてにないふをあなたにばつを,CoC6版,,,"PL,KP"
助けて！蝉vs探索者,たすけてせみばーさすたんさくしゃ,CoC6版,,テストプレイ,PL
たたら,たたら,CoC6版,,,PL
タナトスは死に何を想う,たなとすはしになにをおもう,CoC6版,HOニンゲン,,PL
綴月館マスカレイド殺人事件,ていげつかんますかれいどさつじんじけん,CoC6版,,,PL
デウス・エクス・マキナは死んだ,でうすえくすまきなはしんだ,CoC6版,,,PL
デカネコ!!,でかねこ,CoC6版,,,PL
デストルドーの使者,ですとるどーのししゃ,CoC6版,HO1,,PL
とある家（略）,とあるいえ,CoC6版,HO1,,PL
とある幸せな家族の話,とあるしあわせなかぞくのはなし,CoC6版,HO2,,PL
問:死の定義を教えてください,といしのていぎをおしえてください,CoC6版,,,PL
導禍線,どうかせん,CoC6版,,,"PL,KP"
同居人,どうきょにん,CoC6版,,,PL
同窓会,どうそうかい,CoC6版,,,PL
とける,とける,CoC6版,,,PL
共倒れグランギニョル,ともだおれぐらんぎにょる,CoC6版,,,"PL,KP"
トリプルヘッドメガロドンVSクトゥルフ,とりぷるへっどめがろどんばーさすくとぅるふ,CoC6版,,,PL
胡桃炸裂症候群,どろっせるまいやーしんどろーむ,CoC6版,HO公安,,PL
ドロップアウトディスパイア,どろっぷあうとでぃすぱいあ,CoC6版,HO1,,PL
夏限定メニュー,なつげんていめにゅー,CoC6版,,,PL
夏の暑さに似合わない僕らは。,なつのあつさににあわないぼくらは,CoC6版,,,PL
庭師は何を口遊む,にわしはなにをくちずさむ,CoC6版,,,PL
人間失覚殺人癖,にんげんしっかくさつじんへき,CoC6版,HO2,,PL
ネヴァー・アンド・シーカー,ねばーあんどしーかー,CoC6版,HO1,,PL
ネコ忍者の襲撃！,ねこにんじゃのしゅうげき,CoC6版,,,"PL,KP"
ねずみとさえずり,ねずみとさえずり,CoC6版,HO魚,,"PL,KP"
拝啓、よだかの星へ。,はいけいよだかのほしへ,CoC6版,HO1,,PL
杷に暗寧,はにあんねい,CoC6版,,,"PL,KP"
ハイフェッツをなぞる病,はいふぇっつをなぞるやまい,CoC6版,HO秀才,,PL
化の国,ばけのくに,CoC6版,,,"PL,KP"
初恋性ストックホルム症候群,はつこいせいすとっくほるむしょうこうぐん,CoC6版,,,PL
花は落、標に烏。,はなはおちしるべにからす,CoC6版,,,PL
花冷えに亡く季節,はなびえになくきせつ,CoC6版,HO記,,PL
餞,はなむけ,CoC6版,,,PL
春告鬼,はるつげおに,CoC6版,,,PL
パンケーキ8段たべて,ぱんけーきはちだんたべて,CoC6版,,,PL
HO3を背負い投げしないと出られない部屋,はんどあうとさんをせおいなげしないとでられないへや,CoC6版,,,PL
ハンドカフト！,はんどかふと,CoC6版,,,PL
パンの大神にオムライス習うだけ,ぱんのおおかみにおむらいすならうだけ,CoC6版,,,PL
美術館ホラーRTA,びじゅつかんほらーあーるてぃーえー,CoC6版,,,PL
火点し頃の蜘蛛踊り,ひともしごろのくもおどり,CoC6版,PC4,,PL
不眠と氷塊,ふみんとひょうかい,CoC6版,,,PL
フラッシュラバーズストライク,ふらっしゅらばーずすとらいく,CoC6版,,,PL
プルガトリウムの夜,ぷるがとりうむのよる,CoC7版,HO1,,PL
フルダイブエスケープ,ふるだいぶえすけーぷ,CoC6版,,,PL
片鱗,へんりん,CoC6版,HO殺人鬼,,PL
ぼくの苗床を紹介します,ぼくのなえどこをしょうかいします,CoC6版,,,PL
星の神話、エンドロール,ほしのしんわえんどろーる,CoC6版,,,PL
微睡む君に花は降る,まどろむきみにはなはふる,CoC6版,,,PL
マフィア珍道中,まふぃあちんどうちゅう,CoC6版,,,PL
身裂館殺人事件,みさきかんさつじんじけん,CoC6版,HO3,,PL
メーデー、電子の戦場より,めーでーでんしのせんじょうより,CoC6版,,,PL
もし、明日がくるなら,もしあしたがくるなら,CoC6版,,,PL
もふれ!毛布,もふれもうふ,CoC6版,,,"PL,KP"
ヤゼル,やぜる,CoC6版,,,PL
やわらかな希求,やわらかなききゅう,CoC6版,,,PL
夕凪の調べ,ゆうなぎのしらべ,CoC6版,,,PL
夕焼けの街,ゆうやけのまち,CoC6版,,,PL
ゆらめく魔法市,ゆらめくまほういち,CoC6版,,,PL
ゆれるフリルにくちづけて,ゆれるふりるにくちづけて,CoC6版,,,PL
ようこそ！迷冥市役所都市伝説課へ！,ようこそめいめいしやくしょとしでんせつかへ,CoC6版,HO2,,PL
狸馬鷹の国,りまたかのくに,CoC6版,,,PL
旅館の捕食者,りょかんのほしょくしゃ,CoC6版,HO3,,PL
黎明、遥か彼方まで,れいめいはるかかなたまで,CoC6版,HO2,,PL
レゾンデートル,れぞんでーとる,CoC6版,HO2,,PL
レプリカントの葬列,れぷりかんとのそうれつ,CoC6版,HO贋作師,,PL
ロトカ・ヴォルテラの愛堕討ち,ろとかぼるてらのあだうち,CoC6版,,,PL
ロマンスとメインディッシュ,ろまんすとめいんでぃっしゅ,CoC6版,,,PL
嗤う人間師,わらうにんげんし,CoC6版,,,PL
ワンルーム・ディスコン,わんるーむでぃすこん,CoC6版,HO1,,PL
AreAy,AreAy,CoC6版,HO1,,PL
Bye-Bye Summer Days,Bye-Bye Summer Days,CoC6版,,,PL
Deceiv Blood,Deceiv Blood,CoC6版,HO1,,PL
Deceiv Blood - Another Story-,Deceiv Blood - Another Story,CoC6版,,,PL
Dの信仰,Dのしんこう,CoC6版,,,PL
El Colgado Avatara,El Colgado Avatara,CoC6版,HO1,,"PL,KP"
Fallin' Darling!　―フォーリンダーリン！―,Fallin Darling,CoC6版,,,PL
Farcicanimal Capriccio,Farcicanimal Capriccio,CoC6版,,,PL
Good morning ALL,Good morning ALL,CoC6版,HO不老不死,,PL
"Good night,Judas.",Good night Judas,CoC6版,HO1,,PL
Liebbing,Liebbing,CoC6版,HO4,,PL
Magi9 Arts 4U,Magi9 Arts 4U,CoC6版,,,PL
Midnight pool,Midnight pool,CoC6版,,,PL
NapFrappe,NapFrappe,CoC6版,HO Star,,PL
navigator,navigator,CoC6版,,,PL
Re:スケープゴートキューブ,Re scapegoat cube,CoC6版,,,PL
Recollection Masquerade,Recollection Masquerade,CoC6版,HO4,,PL
Re:chain,Re chain,CoC6版,PC3,,PL
SHOTGUN KIXXING MARRIAGE,SHOTGUN KIXXING MARRIAGE,CoC6版,,,"PL,KP"
SYNC,SYNC,CoC6版,,,PL
The Hog Game,The Hog Game,CoC6版,,,PL
VOID,VOID,CoC6版,HO4,,"PL,KP"
X2U-バイガスライト-孤児×令息令嬢,X2U 1,CoC6版,,,PL
X2U-バイガスライト- 探偵✖助手,X2U 2,CoC6版,,,PL
Yummy Day Dream,Yummy Day Dream,CoC6版,,,PL
1st GAME-捜査一課は、英雄じゃない-,1st GAME,CoC6版,,,PL
ロールシャッハシンドローム,ろーるしゃっはしんどろーむ,エモクロア,,,"PL,KP"
1072,1072,エモクロア,,,PL
アイ,あい,CoC6版,,,KP
愛して、セーラ,あいしてせーら,CoC6版,,,KP
雨おちて、ひとと為らずば。,あめおちてひととならずば,CoC6版,,,KP
雨と君は、無垢,あめときみはむく,CoC6版,,,KP
或る孤独の結末,あるこどくのけつまつ,CoC6版,,刀剣卓,KP
鰯と柊,いわしとひいらぎ,CoC6版,,,KP
お、捨てKPCだ。可哀想に…,おすてけーぴーしーだかわいそうに,CoC6版,,,KP
お前って、そういうトコあるよな。,おまえってそういうとこあるよな,CoC6版,,,KP
思い立って5分で回せるデートシナリオ第９弾！お花見編,おもいたってごふんでまわせるでーとしなりおだい09だん,CoC6版,,,KP
隠し味には秘密をひとさじ,かくしあじにはひみつをひとさじ,CoC6版,,,KP
確信的イナモラメント,かくしんてきいなもらめんと,CoC6版,,,KP
気がついたらKPCが怪しげな壺を買わされていた件について,きがついたらけーぴーしーがあやしげなつぼをかわされていたけんについて,CoC6版,,,KP
機械仕掛けの街,きかいじかけのまち,CoC6版,,,KP
君が夜を終わらせて,きみがよるをおわらせて,CoC6版,,,KP
君のためのヒポクリシー,きみのためのひぽくりしー,CoC6版,,,KP
キャンディ·レイン,きゃんでぃれいん,CoC6版,,,KP
献身的Nの英雄譚,けんしんてきえぬのえいゆうたん,CoC6版,,,KP
恋か秘密,こいかひみつ,CoC6版,,,KP
辜月のN,こげつのえぬ,CoC6版,,,KP
ここ掘れ！メルゴー！穴掘りカレッジ！,ここほれめるごーあなほりかれっじ,CoC6版,,,KP
ご注文は私でしょ!?,ごちゅうもんはわたしでしょ,CoC6版,,,KP
この関係性の名前は君と僕でいいだろ,このかんけいせいのなまえはきみとぼくでいいだろ,CoC6版,,,KP
さよならを言いにきた-優等生×不良-,さよならをいいにきた,CoC6版,,,KP
静かの船より,しずかのふねより,CoC6版,,,KP
シュテルンメーアに夢を見る,しゅてるんめーあにゆめをみる,CoC6版,,,KP
数奇に翔んでごらん,すうきにとんでごらん,CoC6版,,オリジナル,KP
楽しい過族の作り方,たのしいかぞくのつくりかた,CoC6版,,,KP
ダンス・ダンス・フェイカー,だんすだんすふぇいかー,CoC6版,,,KP
ちょっと痛いのガマンして,ちょっといたいのがまんして,CoC6版,,,KP
毒入りスープ,どくいりすーぷ,CoC6版,,,KP
なんかぽこぽこハートが出てくるんだけど！？,なんかぽこぽこはーとがでてくるんだけど,CoC6版,,,KP
猫にJealousy,ねこにじぇらしー,CoC6版,,,KP
白日のひと,はくじつのひと,CoC6版,,,KP
匣夢,はこゆめ,CoC6版,,,KP
花あかり君はなし,はなあかりきみはなし,CoC6版,,,KP
はなひらり,はなひらり,CoC6版,,,KP
薔薇の館,ばらのやかた,CoC6版,,,KP
春霞のユートピア,はるがすみのゆーとぴあ,CoC6版,,,KP
ハロー、ヴィータ,はろーびーた,CoC6版,,,KP
ひむしに施し,ひむしにほどこし,CoC6版,,,KP
ファタールモルガナ,ふぁたーるもるがな,CoC6版,,,KP
ブルー・スターズ・セパレート,ぶるーすたーずせぱれーと,CoC6版,,,KP
ブレス・ユー,ぶれすゆー,CoC6版,,,KP
風呂が冷えているんだが？,ふろがひえているんだが,CoC6版,,,KP
隔てる目睛,へだてるもくせい,CoC6版,,,KP
ぼくが死んだら、棺に入れて欲しいものリスト。,ぼくがしんだらひつぎにいれてほしいものりすと,CoC6版,,,KP
ボクとキミと時々迷い猫,ぼくときみとときどきまよいねこ,CoC6版,,,KP
迷い猫に缶切りひとつ,まよいねこにかんきりひとつ,CoC6版,,,KP
村ホラーRTA,むらほらーあーるてぃーえー,CoC6版,,,KP
盲心未遂,もうしんみすい,CoC6版,,,KP
もつれる雨花,もつれるうか,CoC6版,,,KP
友人の飼っていたペットがショゴスだったんだけど,ゆうじんのかっていたぺっとがしょごすだったんだけど,CoC6版,,,KP
夕凪の空蝉,ゆうなぎのうつせみ,CoC6版,,,KP
六畳半の夏,ろくじょうはんのなつ,CoC6版,,,KP
六道の辻に迷うなよ,ろくどうのつじにまようなよ,CoC6版,,刀剣卓,KP
AND/HAND,AND HAND,CoC6版,,,KP
ENCORE AND ENDCALL,ENCORE AND ENDCALL,CoC6版,,,KP
FRaTRlCiDE-フラトリサイド-,FRATRICIDE,CoC6版,,,KP
Hello,Hello,CoC6版,,,KP
Holiday's Midnight,Holidays Midnight,CoC6版,,,KP
0BLIVI0N-オブリビオン-,OBLIVION,CoC6版,,,KP
REGlCiDE-レジサイド-,REGICIDE,CoC6版,,,KP
"Yes, my lord.",Yes my lord,CoC6版,,,KP
■■さんがお待ちでした。,まるまるさんがおまちでした,CoC6版,,オリジナル,KP
038,038,CoC6版,,,KP
773,773,CoC6版,,,KP
帯切橋,おびきりばし,CoC7版,,,KP
天国の偽称,てんごくのぎしょう,CoC6版,HO1,KPレス,PL
